{
  "kind" : "Policy",
  "apiVersion" : "v1",
  "predicates" : [
    {"name" : "PodFitsHostPorts"},
    {"name" : "PodFitsResources"},
    {"name" : "NoDiskConflict"},
    {"name" : "NoVolumeZoneConflict"},
    {"name" : "MatchNodeSelector"},
    {"name" : "HostName"}
  ],
  "priorities" : [
    {"name" : "LeastRequestedPriority", "weight" : 2},
    {"name" : "BalancedResourceAllocation", "weight" : 1},
    {"name" : "ServiceSpreadingPriority", "weight" : 2},
    {"name" : "EqualPriority", "weight" : 1}
  ]
}
